{
  "service": {
    "service": "sitesearch-api",
    "serviceObject": {
      "name": "sitesearch-api"
    },
    "provider": {
      "stage": "dev",
      "region": "us-east-1",
      "variableSyntax": "\\${([ ~:a-zA-Z0-9._'\",\\-\\/\\(\\)]+?)}",
      "name": "aws",
      "runtime": "nodejs6.10",
      "versionFunctions": true,
      "remoteFunctionData": null,
      "compiledCloudFormationTemplate": {
        "AWSTemplateFormatVersion": "2010-09-09",
        "Description": "The AWS CloudFormation template for this Serverless application",
        "Resources": {
          "ServerlessDeploymentBucket": {
            "Type": "AWS::S3::Bucket"
          },
          "WelcomeLogGroup": {
            "Type": "AWS::Logs::LogGroup",
            "Properties": {
              "LogGroupName": "/aws/lambda/sitesearch-api-dev-welcome"
            }
          },
          "NotificationLogGroup": {
            "Type": "AWS::Logs::LogGroup",
            "Properties": {
              "LogGroupName": "/aws/lambda/sitesearch-api-dev-notification"
            }
          },
          "IamRoleLambdaExecution": {
            "Type": "AWS::IAM::Role",
            "Properties": {
              "AssumeRolePolicyDocument": {
                "Version": "2012-10-17",
                "Statement": [
                  {
                    "Effect": "Allow",
                    "Principal": {
                      "Service": [
                        "lambda.amazonaws.com"
                      ]
                    },
                    "Action": [
                      "sts:AssumeRole"
                    ]
                  }
                ]
              },
              "Policies": [
                {
                  "PolicyName": {
                    "Fn::Join": [
                      "-",
                      [
                        "dev",
                        "sitesearch-api",
                        "lambda"
                      ]
                    ]
                  },
                  "PolicyDocument": {
                    "Version": "2012-10-17",
                    "Statement": [
                      {
                        "Effect": "Allow",
                        "Action": [
                          "logs:CreateLogStream"
                        ],
                        "Resource": [
                          {
                            "Fn::Sub": "arn:aws:logs:${AWS::Region}:${AWS::AccountId}:log-group:/aws/lambda/sitesearch-api-dev-welcome:*"
                          },
                          {
                            "Fn::Sub": "arn:aws:logs:${AWS::Region}:${AWS::AccountId}:log-group:/aws/lambda/sitesearch-api-dev-notification:*"
                          }
                        ]
                      },
                      {
                        "Effect": "Allow",
                        "Action": [
                          "logs:PutLogEvents"
                        ],
                        "Resource": [
                          {
                            "Fn::Sub": "arn:aws:logs:${AWS::Region}:${AWS::AccountId}:log-group:/aws/lambda/sitesearch-api-dev-welcome:*:*"
                          },
                          {
                            "Fn::Sub": "arn:aws:logs:${AWS::Region}:${AWS::AccountId}:log-group:/aws/lambda/sitesearch-api-dev-notification:*:*"
                          }
                        ]
                      }
                    ]
                  }
                }
              ],
              "Path": "/",
              "RoleName": {
                "Fn::Join": [
                  "-",
                  [
                    "sitesearch-api",
                    "dev",
                    "us-east-1",
                    "lambdaRole"
                  ]
                ]
              }
            }
          },
          "WelcomeLambdaFunction": {
            "Type": "AWS::Lambda::Function",
            "Properties": {
              "Code": {
                "S3Bucket": {
                  "Ref": "ServerlessDeploymentBucket"
                },
                "S3Key": "serverless/sitesearch-api/dev/1523631131975-2018-04-13T14:52:11.975Z/sitesearch-api.zip"
              },
              "FunctionName": "sitesearch-api-dev-welcome",
              "Handler": "handler.welcome",
              "MemorySize": 1024,
              "Role": {
                "Fn::GetAtt": [
                  "IamRoleLambdaExecution",
                  "Arn"
                ]
              },
              "Runtime": "nodejs6.10",
              "Timeout": 6
            },
            "DependsOn": [
              "WelcomeLogGroup",
              "IamRoleLambdaExecution"
            ]
          },
          "WelcomeLambdaVersionSip9aJj0QvirrYzUmbfVkFusW79BnD6pDUZqfHPoaws": {
            "Type": "AWS::Lambda::Version",
            "DeletionPolicy": "Retain",
            "Properties": {
              "FunctionName": {
                "Ref": "WelcomeLambdaFunction"
              },
              "CodeSha256": "Sip9aJj0QvirrYzUmbfVkFusW79BnD6pDUZqfHPoaws="
            }
          },
          "NotificationLambdaFunction": {
            "Type": "AWS::Lambda::Function",
            "Properties": {
              "Code": {
                "S3Bucket": {
                  "Ref": "ServerlessDeploymentBucket"
                },
                "S3Key": "serverless/sitesearch-api/dev/1523631131975-2018-04-13T14:52:11.975Z/sitesearch-api.zip"
              },
              "FunctionName": "sitesearch-api-dev-notification",
              "Handler": "handler.notification",
              "MemorySize": 1024,
              "Role": {
                "Fn::GetAtt": [
                  "IamRoleLambdaExecution",
                  "Arn"
                ]
              },
              "Runtime": "nodejs6.10",
              "Timeout": 6
            },
            "DependsOn": [
              "NotificationLogGroup",
              "IamRoleLambdaExecution"
            ]
          },
          "NotificationLambdaVersionSip9aJj0QvirrYzUmbfVkFusW79BnD6pDUZqfHPoaws": {
            "Type": "AWS::Lambda::Version",
            "DeletionPolicy": "Retain",
            "Properties": {
              "FunctionName": {
                "Ref": "NotificationLambdaFunction"
              },
              "CodeSha256": "Sip9aJj0QvirrYzUmbfVkFusW79BnD6pDUZqfHPoaws="
            }
          },
          "WelcomeEventsRuleSchedule1": {
            "Type": "AWS::Events::Rule",
            "Properties": {
              "ScheduleExpression": "cron(0/10 5-23 * * ? *)",
              "State": "ENABLED",
              "Name": "dev-welcome-api-warmer",
              "Targets": [
                {
                  "Input": "{\"request\":{}}",
                  "Arn": {
                    "Fn::GetAtt": [
                      "WelcomeLambdaFunction",
                      "Arn"
                    ]
                  },
                  "Id": "welcomeSchedule"
                }
              ]
            }
          },
          "WelcomeLambdaPermissionEventsRuleSchedule1": {
            "Type": "AWS::Lambda::Permission",
            "Properties": {
              "FunctionName": {
                "Fn::GetAtt": [
                  "WelcomeLambdaFunction",
                  "Arn"
                ]
              },
              "Action": "lambda:InvokeFunction",
              "Principal": "events.amazonaws.com",
              "SourceArn": {
                "Fn::GetAtt": [
                  "WelcomeEventsRuleSchedule1",
                  "Arn"
                ]
              }
            }
          },
          "NotificationEventsRuleSchedule1": {
            "Type": "AWS::Events::Rule",
            "Properties": {
              "ScheduleExpression": "cron(0/10 5-23 * * ? *)",
              "State": "ENABLED",
              "Name": "dev-notification-api-warmer",
              "Targets": [
                {
                  "Input": "{\"request\":{}}",
                  "Arn": {
                    "Fn::GetAtt": [
                      "NotificationLambdaFunction",
                      "Arn"
                    ]
                  },
                  "Id": "notificationSchedule"
                }
              ]
            }
          },
          "NotificationLambdaPermissionEventsRuleSchedule1": {
            "Type": "AWS::Lambda::Permission",
            "Properties": {
              "FunctionName": {
                "Fn::GetAtt": [
                  "NotificationLambdaFunction",
                  "Arn"
                ]
              },
              "Action": "lambda:InvokeFunction",
              "Principal": "events.amazonaws.com",
              "SourceArn": {
                "Fn::GetAtt": [
                  "NotificationEventsRuleSchedule1",
                  "Arn"
                ]
              }
            }
          },
          "ApiGatewayRestApi": {
            "Type": "AWS::ApiGateway::RestApi",
            "Properties": {
              "Name": "dev-sitesearch-api"
            }
          },
          "ApiGatewayResourceNotification": {
            "Type": "AWS::ApiGateway::Resource",
            "Properties": {
              "ParentId": {
                "Fn::GetAtt": [
                  "ApiGatewayRestApi",
                  "RootResourceId"
                ]
              },
              "PathPart": "notification",
              "RestApiId": {
                "Ref": "ApiGatewayRestApi"
              }
            }
          },
          "ApiGatewayMethodOptions": {
            "Type": "AWS::ApiGateway::Method",
            "Properties": {
              "AuthorizationType": "NONE",
              "HttpMethod": "OPTIONS",
              "MethodResponses": [
                {
                  "StatusCode": "200",
                  "ResponseParameters": {
                    "method.response.header.Access-Control-Allow-Origin": true,
                    "method.response.header.Access-Control-Allow-Headers": true,
                    "method.response.header.Access-Control-Allow-Methods": true,
                    "method.response.header.Access-Control-Allow-Credentials": true
                  },
                  "ResponseModels": {}
                }
              ],
              "RequestParameters": {},
              "Integration": {
                "Type": "MOCK",
                "RequestTemplates": {
                  "application/json": "{statusCode:200}"
                },
                "IntegrationResponses": [
                  {
                    "StatusCode": "200",
                    "ResponseParameters": {
                      "method.response.header.Access-Control-Allow-Origin": "'*'",
                      "method.response.header.Access-Control-Allow-Headers": "'Content-Type,X-Amz-Date,X-Api-Key,X-Amz-Security-Token'",
                      "method.response.header.Access-Control-Allow-Methods": "'GET,OPTIONS'",
                      "method.response.header.Access-Control-Allow-Credentials": "'false'"
                    },
                    "ResponseTemplates": {
                      "application/json": ""
                    }
                  }
                ]
              },
              "ResourceId": {
                "Fn::GetAtt": [
                  "ApiGatewayRestApi",
                  "RootResourceId"
                ]
              },
              "RestApiId": {
                "Ref": "ApiGatewayRestApi"
              }
            }
          },
          "ApiGatewayMethodNotificationOptions": {
            "Type": "AWS::ApiGateway::Method",
            "Properties": {
              "AuthorizationType": "NONE",
              "HttpMethod": "OPTIONS",
              "MethodResponses": [
                {
                  "StatusCode": "200",
                  "ResponseParameters": {
                    "method.response.header.Access-Control-Allow-Origin": true,
                    "method.response.header.Access-Control-Allow-Headers": true,
                    "method.response.header.Access-Control-Allow-Methods": true,
                    "method.response.header.Access-Control-Allow-Credentials": true
                  },
                  "ResponseModels": {}
                }
              ],
              "RequestParameters": {},
              "Integration": {
                "Type": "MOCK",
                "RequestTemplates": {
                  "application/json": "{statusCode:200}"
                },
                "IntegrationResponses": [
                  {
                    "StatusCode": "200",
                    "ResponseParameters": {
                      "method.response.header.Access-Control-Allow-Origin": "'*'",
                      "method.response.header.Access-Control-Allow-Headers": "'Content-Type,X-Amz-Date,X-Api-Key,X-Amz-Security-Token'",
                      "method.response.header.Access-Control-Allow-Methods": "'PUT,OPTIONS'",
                      "method.response.header.Access-Control-Allow-Credentials": "'false'"
                    },
                    "ResponseTemplates": {
                      "application/json": ""
                    }
                  }
                ]
              },
              "ResourceId": {
                "Ref": "ApiGatewayResourceNotification"
              },
              "RestApiId": {
                "Ref": "ApiGatewayRestApi"
              }
            }
          },
          "ApiGatewayMethodGet": {
            "Type": "AWS::ApiGateway::Method",
            "Properties": {
              "HttpMethod": "GET",
              "RequestParameters": {
                "method.request.header.Authorization": true
              },
              "ResourceId": {
                "Fn::GetAtt": [
                  "ApiGatewayRestApi",
                  "RootResourceId"
                ]
              },
              "RestApiId": {
                "Ref": "ApiGatewayRestApi"
              },
              "ApiKeyRequired": false,
              "AuthorizationType": "NONE",
              "Integration": {
                "IntegrationHttpMethod": "POST",
                "Type": "AWS",
                "Uri": {
                  "Fn::Join": [
                    "",
                    [
                      "arn:aws:apigateway:",
                      {
                        "Ref": "AWS::Region"
                      },
                      ":lambda:path/2015-03-31/functions/",
                      {
                        "Fn::GetAtt": [
                          "WelcomeLambdaFunction",
                          "Arn"
                        ]
                      },
                      "/invocations"
                    ]
                  ]
                },
                "PassthroughBehavior": "WHEN_NO_TEMPLATES",
                "RequestTemplates": {
                  "application/json": " #set($allParams = $input.params()) { \"request\": $input.body, \"params\" : { #foreach($type in $allParams.keySet()) #set($params = $allParams.get($type)) \"$type\" : { #foreach($paramName in $params.keySet()) \"$paramName\" : \"$util.escapeJavaScript($params.get($paramName))\" #if($foreach.hasNext),#end #end } #if($foreach.hasNext),#end #end } } ",
                  "application/x-www-form-urlencoded": "\n    #define( $body )\n      {\n      #foreach( $token in $input.path('$').split('&') )\n        #set( $keyVal = $token.split('=') )\n        #set( $keyValSize = $keyVal.size() )\n        #if( $keyValSize >= 1 )\n          #set( $key = $util.escapeJavaScript($util.urlDecode($keyVal[0])) )\n          #if( $keyValSize >= 2 )\n            #set($val = $util.escapeJavaScript($util.urlDecode($keyVal[1])).replaceAll(\"\\\\'\",\"'\"))\n          #else\n            #set( $val = '' )\n          #end\n          \"$key\": \"$val\"#if($foreach.hasNext),#end\n        #end\n      #end\n      }\n    #end\n\n    \n  #define( $loop )\n    {\n    #foreach($key in $map.keySet())\n        #set( $k = $util.escapeJavaScript($key) )\n        #set( $v = $util.escapeJavaScript($map.get($key)).replaceAll(\"\\\\'\", \"'\") )\n        \"$k\":\n          \"$v\"\n          #if( $foreach.hasNext ) , #end\n    #end\n    }\n  #end\n\n  {\n    \"body\": $body,\n    \"method\": \"$context.httpMethod\",\n    \"principalId\": \"$context.authorizer.principalId\",\n    \"stage\": \"$context.stage\",\n\n    \"cognitoPoolClaims\" : {\n       \n       \"sub\": \"$context.authorizer.claims.sub\"\n    },\n\n    #set( $map = $input.params().header )\n    \"headers\": $loop,\n\n    #set( $map = $input.params().querystring )\n    \"query\": $loop,\n\n    #set( $map = $input.params().path )\n    \"path\": $loop,\n\n    #set( $map = $context.identity )\n    \"identity\": $loop,\n\n    #set( $map = $stageVariables )\n    \"stageVariables\": $loop\n  }\n\n  "
                },
                "IntegrationResponses": [
                  {
                    "StatusCode": 200,
                    "SelectionPattern": "",
                    "ResponseParameters": {
                      "method.response.header.Access-Control-Allow-Origin": "'*'",
                      "method.response.header.Content-Type": "'application/json'"
                    },
                    "ResponseTemplates": {}
                  }
                ]
              },
              "MethodResponses": [
                {
                  "ResponseParameters": {
                    "method.response.header.Access-Control-Allow-Origin": true,
                    "method.response.header.Content-Type": true
                  },
                  "ResponseModels": {},
                  "StatusCode": 200
                }
              ]
            }
          },
          "ApiGatewayMethodNotificationPut": {
            "Type": "AWS::ApiGateway::Method",
            "Properties": {
              "HttpMethod": "PUT",
              "RequestParameters": {
                "method.request.header.Authorization": true
              },
              "ResourceId": {
                "Ref": "ApiGatewayResourceNotification"
              },
              "RestApiId": {
                "Ref": "ApiGatewayRestApi"
              },
              "ApiKeyRequired": false,
              "AuthorizationType": "NONE",
              "Integration": {
                "IntegrationHttpMethod": "POST",
                "Type": "AWS",
                "Uri": {
                  "Fn::Join": [
                    "",
                    [
                      "arn:aws:apigateway:",
                      {
                        "Ref": "AWS::Region"
                      },
                      ":lambda:path/2015-03-31/functions/",
                      {
                        "Fn::GetAtt": [
                          "NotificationLambdaFunction",
                          "Arn"
                        ]
                      },
                      "/invocations"
                    ]
                  ]
                },
                "PassthroughBehavior": "WHEN_NO_TEMPLATES",
                "RequestTemplates": {
                  "application/json": " #set($allParams = $input.params()) { \"request\": $input.body, \"params\" : { #foreach($type in $allParams.keySet()) #set($params = $allParams.get($type)) \"$type\" : { #foreach($paramName in $params.keySet()) \"$paramName\" : \"$util.escapeJavaScript($params.get($paramName))\" #if($foreach.hasNext),#end #end } #if($foreach.hasNext),#end #end } } ",
                  "application/x-www-form-urlencoded": "\n    #define( $body )\n      {\n      #foreach( $token in $input.path('$').split('&') )\n        #set( $keyVal = $token.split('=') )\n        #set( $keyValSize = $keyVal.size() )\n        #if( $keyValSize >= 1 )\n          #set( $key = $util.escapeJavaScript($util.urlDecode($keyVal[0])) )\n          #if( $keyValSize >= 2 )\n            #set($val = $util.escapeJavaScript($util.urlDecode($keyVal[1])).replaceAll(\"\\\\'\",\"'\"))\n          #else\n            #set( $val = '' )\n          #end\n          \"$key\": \"$val\"#if($foreach.hasNext),#end\n        #end\n      #end\n      }\n    #end\n\n    \n  #define( $loop )\n    {\n    #foreach($key in $map.keySet())\n        #set( $k = $util.escapeJavaScript($key) )\n        #set( $v = $util.escapeJavaScript($map.get($key)).replaceAll(\"\\\\'\", \"'\") )\n        \"$k\":\n          \"$v\"\n          #if( $foreach.hasNext ) , #end\n    #end\n    }\n  #end\n\n  {\n    \"body\": $body,\n    \"method\": \"$context.httpMethod\",\n    \"principalId\": \"$context.authorizer.principalId\",\n    \"stage\": \"$context.stage\",\n\n    \"cognitoPoolClaims\" : {\n       \n       \"sub\": \"$context.authorizer.claims.sub\"\n    },\n\n    #set( $map = $input.params().header )\n    \"headers\": $loop,\n\n    #set( $map = $input.params().querystring )\n    \"query\": $loop,\n\n    #set( $map = $input.params().path )\n    \"path\": $loop,\n\n    #set( $map = $context.identity )\n    \"identity\": $loop,\n\n    #set( $map = $stageVariables )\n    \"stageVariables\": $loop\n  }\n\n  "
                },
                "IntegrationResponses": [
                  {
                    "StatusCode": 200,
                    "SelectionPattern": "",
                    "ResponseParameters": {
                      "method.response.header.Access-Control-Allow-Origin": "'*'",
                      "method.response.header.Content-Type": "'application/json'"
                    },
                    "ResponseTemplates": {}
                  }
                ]
              },
              "MethodResponses": [
                {
                  "ResponseParameters": {
                    "method.response.header.Access-Control-Allow-Origin": true,
                    "method.response.header.Content-Type": true
                  },
                  "ResponseModels": {},
                  "StatusCode": 200
                }
              ]
            }
          },
          "ApiGatewayDeployment1523631131988": {
            "Type": "AWS::ApiGateway::Deployment",
            "Properties": {
              "RestApiId": {
                "Ref": "ApiGatewayRestApi"
              },
              "StageName": "dev"
            },
            "DependsOn": [
              "ApiGatewayMethodGet",
              "ApiGatewayMethodNotificationPut"
            ]
          },
          "WelcomeLambdaPermissionApiGateway": {
            "Type": "AWS::Lambda::Permission",
            "Properties": {
              "FunctionName": {
                "Fn::GetAtt": [
                  "WelcomeLambdaFunction",
                  "Arn"
                ]
              },
              "Action": "lambda:InvokeFunction",
              "Principal": "apigateway.amazonaws.com",
              "SourceArn": {
                "Fn::Join": [
                  "",
                  [
                    "arn:aws:execute-api:",
                    {
                      "Ref": "AWS::Region"
                    },
                    ":",
                    {
                      "Ref": "AWS::AccountId"
                    },
                    ":",
                    {
                      "Ref": "ApiGatewayRestApi"
                    },
                    "/*/*"
                  ]
                ]
              }
            }
          },
          "NotificationLambdaPermissionApiGateway": {
            "Type": "AWS::Lambda::Permission",
            "Properties": {
              "FunctionName": {
                "Fn::GetAtt": [
                  "NotificationLambdaFunction",
                  "Arn"
                ]
              },
              "Action": "lambda:InvokeFunction",
              "Principal": "apigateway.amazonaws.com",
              "SourceArn": {
                "Fn::Join": [
                  "",
                  [
                    "arn:aws:execute-api:",
                    {
                      "Ref": "AWS::Region"
                    },
                    ":",
                    {
                      "Ref": "AWS::AccountId"
                    },
                    ":",
                    {
                      "Ref": "ApiGatewayRestApi"
                    },
                    "/*/*"
                  ]
                ]
              }
            }
          }
        },
        "Outputs": {
          "ServerlessDeploymentBucketName": {
            "Value": {
              "Ref": "ServerlessDeploymentBucket"
            }
          },
          "WelcomeLambdaFunctionQualifiedArn": {
            "Description": "Current Lambda function version",
            "Value": {
              "Ref": "WelcomeLambdaVersionSip9aJj0QvirrYzUmbfVkFusW79BnD6pDUZqfHPoaws"
            }
          },
          "NotificationLambdaFunctionQualifiedArn": {
            "Description": "Current Lambda function version",
            "Value": {
              "Ref": "NotificationLambdaVersionSip9aJj0QvirrYzUmbfVkFusW79BnD6pDUZqfHPoaws"
            }
          },
          "ServiceEndpoint": {
            "Description": "URL of the service endpoint",
            "Value": {
              "Fn::Join": [
                "",
                [
                  "https://",
                  {
                    "Ref": "ApiGatewayRestApi"
                  },
                  ".execute-api.us-east-1.amazonaws.com/dev"
                ]
              ]
            }
          }
        }
      },
      "coreCloudFormationTemplate": {
        "AWSTemplateFormatVersion": "2010-09-09",
        "Description": "The AWS CloudFormation template for this Serverless application",
        "Resources": {
          "ServerlessDeploymentBucket": {
            "Type": "AWS::S3::Bucket"
          }
        },
        "Outputs": {
          "ServerlessDeploymentBucketName": {
            "Value": {
              "Ref": "ServerlessDeploymentBucket"
            }
          }
        }
      },
      "vpc": {}
    },
    "functions": {
      "welcome": {
        "handler": "handler.welcome",
        "package": {
          "artifact": "./sitesearch-api.zip"
        },
        "events": [
          {
            "schedule": {
              "name": "dev-welcome-api-warmer",
              "rate": "cron(0/10 5-23 * * ? *)",
              "enabled": true,
              "input": {
                "request": {}
              }
            }
          },
          {
            "http": {
              "name": "dev-Welcome",
              "path": "",
              "method": "get",
              "cors": {
                "origins": [
                  "*"
                ],
                "headers": [
                  "Content-Type",
                  "X-Amz-Date",
                  "X-Api-Key",
                  "X-Amz-Security-Token"
                ],
                "methods": [
                  "GET",
                  "OPTIONS"
                ],
                "allowCredentials": false
              },
              "integration": "AWS",
              "request": {
                "parameters": {
                  "method.request.header.Authorization": true
                },
                "passThrough": "WHEN_NO_TEMPLATES",
                "template": {
                  "application/json": " #set($allParams = $input.params()) { \"request\": $input.body, \"params\" : { #foreach($type in $allParams.keySet()) #set($params = $allParams.get($type)) \"$type\" : { #foreach($paramName in $params.keySet()) \"$paramName\" : \"$util.escapeJavaScript($params.get($paramName))\" #if($foreach.hasNext),#end #end } #if($foreach.hasNext),#end #end } } "
                }
              },
              "response": {
                "headers": {
                  "Content-Type": "'application/json'"
                },
                "statusCodes": {
                  "200": {
                    "pattern": ""
                  }
                }
              }
            }
          }
        ],
        "name": "sitesearch-api-dev-welcome",
        "vpc": {}
      },
      "notification": {
        "handler": "handler.notification",
        "package": {
          "artifact": "./sitesearch-api.zip"
        },
        "events": [
          {
            "schedule": {
              "name": "dev-notification-api-warmer",
              "rate": "cron(0/10 5-23 * * ? *)",
              "enabled": true,
              "input": {
                "request": {}
              }
            }
          },
          {
            "http": {
              "name": "dev-Notification",
              "path": "notification",
              "method": "put",
              "cors": {
                "origins": [
                  "*"
                ],
                "headers": [
                  "Content-Type",
                  "X-Amz-Date",
                  "X-Api-Key",
                  "X-Amz-Security-Token"
                ],
                "methods": [
                  "PUT",
                  "OPTIONS"
                ],
                "allowCredentials": false
              },
              "integration": "AWS",
              "request": {
                "parameters": {
                  "method.request.header.Authorization": true
                },
                "passThrough": "WHEN_NO_TEMPLATES",
                "template": {
                  "application/json": " #set($allParams = $input.params()) { \"request\": $input.body, \"params\" : { #foreach($type in $allParams.keySet()) #set($params = $allParams.get($type)) \"$type\" : { #foreach($paramName in $params.keySet()) \"$paramName\" : \"$util.escapeJavaScript($params.get($paramName))\" #if($foreach.hasNext),#end #end } #if($foreach.hasNext),#end #end } } "
                }
              },
              "response": {
                "headers": {
                  "Content-Type": "'application/json'"
                },
                "statusCodes": {
                  "200": {
                    "pattern": ""
                  }
                }
              }
            }
          }
        ],
        "name": "sitesearch-api-dev-notification",
        "vpc": {}
      }
    }
  },
  "package": {
    "individually": true,
    "artifactDirectoryName": "serverless/sitesearch-api/dev/1523631131975-2018-04-13T14:52:11.975Z",
    "artifact": ""
  }
}